{
  "Iptal": "Iptal",
  "Onay": "Onay",
  "erkekTepkiID": "erkek",
  "kadınTepkiID": "kadin",
  "Tag": "1012118549986287646",
  "chatSusturuldu": "chatMute",
  "sesSusturuldu": "voiceMute",
  "Cezalandırıldı": "Cezalandirildi",
  "Yasaklandı": "Yasaklandi",
  "sesMuteKaldırıldı": "unVoiceMute",
  "chatMuteKaldırıldı": "unChatMute",
  "Konfeti": "KonfetiGif",
  "Icon": "rubyBit",
  "uyeEmojiID": "uye",
  "sarıYıldız": "sariYildiz",
  "boostluNitro": "boostluNitro",
  "klasikNitro": "klasikNitro",
  "Netflix": "netflix",
  "Spotify": "spotify",
  "Exxen": "exxen",
  "Youtube": "youtube",
  "voiceDeaf": "voiceDeaf",
  "One": "ramal_bir",
  "Two": "ramal_iki",
  "Three": "ramal_uc",
  "Four": "ramal_dort",
  "Five": "ramal_bes",
  "Six": "ramal_alti",
  "Seven": "ramal_yedi",
  "Eight": "ramal_sekiz",
  "Nine": "ramal_dokuz",
  "Zero": "ramal_sifir",
  "Terfi": {
    "başlangıçBar": "baslangicBar",
    "başlamaBar": "baslamaBar",
    "doluBar": "doluBar",
    "doluBitişBar": "doluBitisBar",
    "boşBar": "bosBar",
    "boşBitişBar": "bosBitisBar",
    "icon": "1061416642053152830",
    "miniicon": "1061416489695068281"
  },
  "Görev": {
    "OK": "tamamlandi",
    "Sandık": "sandik",
    "Taglı": "tagged",
    "Para": "a_coins",
    "XP": "xp",
    "Ses": "talking",
    "Yetkili": "staff",
    "Kek": "kekcookie",
    "Mesaj": "chating",
    "Altın": "a_golds"
  }
}