{
  "SERVER": {
    "ID": "",
    "Name": "",
    "Install": false
  },
  "PACKAGE": {
    "Type": "FULL",
    "Name": "Ruby VIP+",
    "Desc": "Bu paket tüm özellikleri ve tüm sistemleri kapsamaktadır.",
    "Status": true,
    "Price": 1000,
    "StartAt": 1664856195288,
    "LastPayment": 1666581165742,
    "Payments": [
      {
        "Id": 1,
        "Price": 1000,
        "Type": "FULL",
        "Date": 1664856195288, 
        "Payment": "BAŞLANGIÇ"
      }
    ]
  },
  "TOKENS": {
    "Statistics": "",
    "Voucher":"",
    "SYNC": "",
    "CONTROLLER": "",
    "SECURITY": {
      "MAIN": "",
      "SEC_ONE": "",
      "SEC_TWO": "",
      "DISTS": []
    },
    "WELCOME": {
      "Active": false,
      "WELCOMES": [],
      "WELCOME_CHANNELS": []
    }
  },
  "botSettings": {
    "Prefixs": [
      ".",
      "+",
      "!",
      "/",
      "-",
      "?",
      "="
    ]
  },
  "Webclient": {
    "clientID": "",
    "secret": "",
    "callbackURL": ""
  },
  "botStatus": {
    "Status": "dnd",
    "Name": ""
  },
  "Database": {
    "Active": true,
    "MongoURL": ""
  }
}